,max,min,avg
0,113,24,26.673333333333332
1,113,19,21.533333333333335
2,113,19,22.19333333333333
